subreddit,month_dt,count
AmItheAsshole,4,43613
AmItheAsshole,1,35682
AmItheAsshole,3,40763
AmItheAsshole,11,38754
AmItheAsshole,5,46383
AmItheAsshole,6,48001
AmItheAsshole,9,43479
AmItheAsshole,12,42396
AmItheAsshole,8,52238
AmItheAsshole,10,42332
AmItheAsshole,2,34398
AmItheAsshole,7,53471
AskMen,2,19590
AskMen,8,20967
AskMen,1,21540
AskMen,3,22569
AskMen,12,18658
AskMen,6,21032
AskMen,4,24680
AskMen,11,18648
AskMen,7,21993
AskMen,9,17890
AskMen,5,22299
AskMen,10,19221
AskWomen,2,13063
AskWomen,1,13915
AskWomen,9,12358
AskWomen,3,14640
AskWomen,11,12070
AskWomen,5,13434
AskWomen,12,12287
AskWomen,6,12896
AskWomen,10,12545
AskWomen,4,14812
AskWomen,7,13836
AskWomen,8,13174
NoStupidQuestions,4,51200
NoStupidQuestions,11,46037
NoStupidQuestions,8,50053
NoStupidQuestions,6,47710
NoStupidQuestions,10,48070
NoStupidQuestions,1,54654
NoStupidQuestions,9,47269
NoStupidQuestions,5,51111
NoStupidQuestions,7,51214
NoStupidQuestions,12,47059
NoStupidQuestions,2,48685
NoStupidQuestions,3,52288
OutOfTheLoop,3,2069
OutOfTheLoop,7,1973
OutOfTheLoop,11,1751
OutOfTheLoop,9,2119
OutOfTheLoop,8,2092
OutOfTheLoop,6,1929
OutOfTheLoop,12,2379
OutOfTheLoop,1,2538
OutOfTheLoop,2,2384
OutOfTheLoop,10,2039
OutOfTheLoop,4,2638
OutOfTheLoop,5,1925
TrueOffMyChest,11,21061
TrueOffMyChest,8,26280
TrueOffMyChest,1,18094
TrueOffMyChest,3,32761
TrueOffMyChest,2,25293
TrueOffMyChest,12,21385
TrueOffMyChest,9,22777
TrueOffMyChest,4,25280
TrueOffMyChest,5,24275
TrueOffMyChest,6,24148
TrueOffMyChest,7,25748
TrueOffMyChest,10,22763
antiwork,5,18726
antiwork,10,13617
antiwork,6,17776
antiwork,9,14456
antiwork,8,18877
antiwork,11,12589
antiwork,1,54902
antiwork,4,22110
antiwork,2,24071
antiwork,7,18983
antiwork,12,12454
antiwork,3,23599
explainlikeimfive,2,9966
explainlikeimfive,3,9701
explainlikeimfive,5,8468
explainlikeimfive,11,8380
explainlikeimfive,10,8513
explainlikeimfive,6,7998
explainlikeimfive,1,9378
explainlikeimfive,4,8704
explainlikeimfive,12,7820
explainlikeimfive,9,7936
explainlikeimfive,7,8286
explainlikeimfive,8,8755
relationship_advice,8,78394
relationship_advice,4,73301
relationship_advice,1,69311
relationship_advice,3,74360
relationship_advice,11,69054
relationship_advice,6,74423
relationship_advice,12,90378
relationship_advice,2,64715
relationship_advice,7,77834
relationship_advice,10,70189
relationship_advice,5,72755
relationship_advice,9,68242
socialskills,9,4288
socialskills,12,3954
socialskills,1,3911
socialskills,4,4352
socialskills,3,4399
socialskills,6,4149
socialskills,2,3844
socialskills,8,4455
socialskills,5,4314
socialskills,7,4423
socialskills,11,3984
socialskills,10,4384
tifu,2,4187
tifu,11,2924
tifu,6,4904
tifu,10,3283
tifu,7,4816
tifu,8,5064
tifu,3,4388
tifu,4,4416
tifu,1,3890
tifu,9,5402
tifu,5,4542
tifu,12,3123
unpopularopinion,9,17910
unpopularopinion,10,17393
unpopularopinion,8,21718
unpopularopinion,2,26413
unpopularopinion,7,22945
unpopularopinion,4,23817
unpopularopinion,3,29395
unpopularopinion,1,27844
unpopularopinion,11,15839
unpopularopinion,12,17448
unpopularopinion,5,21060
unpopularopinion,6,21406
