regex_age,regex_gender,feel,like,want,time,know,tell,friend,think,relationship,thing
27,f,2.0,3.0,1.0,1.0,0.0,0.0,1.0,0.0,0.0,0.0
21,f,1.0,10.0,1.0,2.0,2.0,2.0,0.0,3.0,1.0,1.0
21,m,0.0,0.0,1.0,0.0,1.0,0.0,2.0,1.0,0.0,0.0
25,f,0.0,1.0,7.0,2.0,2.0,0.0,0.0,1.0,0.0,1.0
23,m,0.0,0.0,0.0,0.0,0.0,1.0,0.0,0.0,0.0,0.0
23,f,4.0,4.0,0.0,2.0,2.0,3.0,4.0,1.0,0.0,3.0
35,f,9.0,2.0,3.0,1.0,2.0,0.0,2.0,1.0,2.0,1.0
25,f,0.0,1.0,0.0,0.0,1.0,0.0,0.0,2.0,2.0,0.0
24,f,0.0,0.0,0.0,0.0,0.0,1.0,0.0,0.0,1.0,0.0
21,f,2.0,0.0,1.0,2.0,1.0,0.0,3.0,2.0,0.0,0.0
