subreddit,word_like,word_feel,word_want,word_know,word_time,word_tell,word_get,word_im,word_think,word_friend
antiwork,1.0,0.0,1.0,0.0,2.0,0.0,0.0,0.0,0.0,0.0
unpopularopinion,2.0,1.0,0.0,0.0,0.0,0.0,0.0,0.0,1.0,0.0
AmItheAsshole,2.0,2.0,2.0,0.0,1.0,0.0,1.0,4.0,4.0,0.0
NoStupidQuestions,1.0,1.0,0.0,1.0,0.0,1.0,0.0,0.0,3.0,0.0
TrueOffMyChest,0.0,0.0,3.0,1.0,0.0,1.0,0.0,0.0,0.0,0.0
relationship_advice,0.0,0.0,0.0,0.0,0.0,0.0,0.0,0.0,0.0,0.0
relationship_advice,0.0,1.0,0.0,1.0,0.0,2.0,0.0,1.0,0.0,2.0
NoStupidQuestions,0.0,0.0,0.0,1.0,0.0,0.0,0.0,0.0,0.0,0.0
relationship_advice,0.0,0.0,0.0,0.0,0.0,0.0,0.0,0.0,0.0,0.0
relationship_advice,0.0,0.0,1.0,5.0,2.0,3.0,0.0,0.0,0.0,0.0
